city,count,lat,lng
Vernyj,1,43.222,76.8512
Altona,1,53.551,9.9337
Armavir,7,45,41.1167
Archan'gel'sk,6,64.5393,40.5187
Astrachan',2,46.3497,48.0408
Azov,2,47.1042,39.4219
Baku,11,40.4093,49.8671
Bachmut,2,48.5912,38.0008
Barnaul,4,53.3468,83.777
Będzin,1,50.326,19.1296
Berdičev,1,49.8948,28.5783
Berlin,1,52.52,13.405
Beršad',1,48.3709,29.5317
Białystok,10,53.1325,23.1688
Belovodsk,1,49.2027,39.5877
Pišpek,1,42.8746,74.5698
Bobrujsk,1,53.1491,29.2211
Bogorodick,1,53.772,38.1275
Bogorodsk,1,55.8511,38.4554
Borisov,1,54.2289,28.5075
Brest-Litovsk,1,52.0976,23.7341
Brzeziny,1,51.8002,19.7508
Brjansk,1,53.242,34.3649
Svjatoj Krest,0,,
Buffalo,1,42.8864,-78.8784
Čerkassy,1,49.4444,32.0598
Čermoz,1,58.795,56.1558
Černobyl',1,51.27,30.2242
Čeljabinsk,1,55.1644,61.4368
Kišinev,4,47.0105,28.8638
Częstochowa,2,50.81,19.12
Dvinsk,1,55.8747,26.516
Melekes,1,54.2102,49.595
Ekaterinoslav,5,48.4647,35.0462
Doblen,1,56.624,23.2757
Juzovka,1,48.0159,37.8028
Feodosija,1,45.0312,35.3803
Gomel',2,52.4345,30.9754
Göteborg,1,57.7089,11.9746
Grodno,6,53.6694,23.8258
Groznyj,2,43.3164,45.6981
Gadjač,1,50.368,33.9872
Charbin,11,45.75,126.6333
Gol'ta,3,48.0547,30.8508
Irkutsk,1,52.2869,104.305
Ivanovo-Voznesensk,3,57,40.9667
Königsberg,0,,
Kalisz,5,51.7592,18.0838
Kaluga,1,54.5138,36.2602
Zaporož'e-Kamenskoe,1,48.517,34.6148
Kamensk-Šachtinskij,1,48.3189,40.2644
Kamyšlov,1,56.8456,62.7106
Kovno,3,54.8985,23.9036
Kazan',4,55.7961,49.1064
Kerč',1,45.356,36.4677
Chabarovsk,6,48.4827,135.0838
Char'kov,16,49.9935,36.2304
Cherson,3,46.6354,32.6169
Kielce,4,50.8661,20.6286
Vjatka,1,58.6036,49.668
Kizljar,2,43.8498,46.7135
Novaja Buchara,3,39.7119,64.5472
Kokand,5,40.5292,70.9425
Kolomna,1,55.1047,38.7606
Kostroma,1,57.7679,40.9269
Konstantinovka,1,48.5273,37.7097
Kraków,1,50.0647,19.945
Ekaterinodar,3,45.0355,38.9753
Krasnojarsk,1,56.0184,92.8675
Kremenčug,1,49.0604,33.4151
Elisavetgrad,2,48.5083,32.2613
Kubinka,1,55.5838,36.7145
Kungur,2,57.4368,56.9467
Kurgan,2,55.4515,65.341
Kursk,1,51.7308,36.1875
Kutais,3,42.2522,42.6921
Kibarty,3,54.6396,22.7596
Kiev,20,50.4501,30.5234
Leipzig,1,51.3397,12.3731
Lüttich,1,50.6326,5.5797
Libava,6,56.5078,21.0114
Ligovo,1,59.8394,30.1993
Łódź,20,51.7592,19.456
Łomża,1,53.176,22.0726
London,1,51.5074,0.1278
Lozovaja,2,48.888,36.315
Lublin,6,51.2465,22.5684
Lugansk,7,48.574,39.3078
Lunino,1,53.579,45.3578
Lwów,3,49.8397,24.0297
Mariupol',1,47.0951,37.5413
Merv,4,37.5925,61.836
Majkop,4,44.6098,40.1017
Melitopol',2,46.8465,35.3715
Mailand,1,45.4642,9.19
Minsk,5,53.9045,27.5615
Mogilev,3,53.9018,30.334
Moskva,23,55.7558,37.6173
Mozdok,1,43.7435,44.6586
Nikolaev,0,,
Nachičevan'-na-Donu,1,47.222,39.73
Namangan,1,40.9989,71.6727
Narva,4,59.3796,28.1905
Nežin,2,51.0484,31.8805
Nižnij Novgorod,4,56.3269,44.0059
Nižnij Tagil,1,57.916,59.9603
Novo-Odessa,1,47.2994,31.7864
Velikij Novgorod,1,58.5209,31.2758
Novočerkassk,6,47.4204,40.099
Novograd-Volynskij,1,50.5891,27.628
Novomoskovsk,2,48.6353,35.2307
Novorossijsk,2,44.7242,37.7675
Odessa,19,46.4825,30.7233
Opočka,4,56.7127,28.6601
Ural'sk,3,51.2333,51.3667
Orenburg,0,,
Orsk,1,51.2053,58.57
Orel,0,,
Pernov,1,58.3851,24.4965
Pavlovskij Posad,1,55.7818,38.6496
Penza,3,53.1955,45.0183
Perm',3,58.0105,56.2502
Piotrków,1,51.4082,19.696
Płock,1,52.546,19.7065
Polock,2,55.4875,28.7856
Poltava,7,49.5883,34.5514
Poti,1,42.1485,41.6725
Pravotorovka,1,,
Prochladnaja,1,43.755,44.025
Novo-Aleksandrija,1,51.4155,21.9692
Radom,1,51.4027,21.1471
Riga,18,56.9496,24.1052
Rovno,3,50.6199,26.2516
Roslavl',1,53.9501,32.8555
Rostov Jaroslavskij,1,57.1874,39.4169
Rostov-na-Donu,15,47.222,39.7203
Rybinsk,2,58.0488,38.8582
Ržev,2,56.26,34.33
Rjazan',1,54.6269,39.7439
Sankt-Peterburg,28,59.9343,30.3351
Samara,2,53.1959,50.1002
Saratov,6,51.5335,46.0343
Serpuchov,1,54.9176,37.4029
Sevastopol',5,44.6166,33.5254
Šar'ja,1,58.3698,45.5101
Simferopol',4,44.9484,34.1022
Simbirsk,2,54.3142,48.4036
Slavuta,1,50.2988,26.8712
Smela,4,49.2268,31.8716
Smolensk,2,54.7823,32.0405
Snovsk,1,51.8211,31.9353
Sosnowiec,3,50.2795,19.129
Starodub,1,52.579,32.7661
Stavropol',3,45.0428,41.973
Sterlitamak,1,53.6268,55.9619
Sumy,2,50.9077,34.7981
Tavriz,2,38.0791,46.2832
Taganrog,1,47.236,38.8977
Revel',1,59.437,24.7536
Jur'ev,1,58.3759,26.729
Taškent,9,41.2995,69.2401
Tiflis,7,41.7151,44.8271
Tichoreckaja,1,45.8556,40.1248
Tiraspol',1,46.84,29.64
Tomsk,5,56.4846,84.9479
Troick,4,54.0817,61.5598
Tuapse,1,44.0956,39.0757
Tula,7,54.1931,37.6173
Čardžuj,1,39.0842,63.5786
Tver',14,56.8584,35.9172
Ufa,5,54.7351,55.9583
Velikij Ustjug,4,60.759,46.3029
Vindava,5,57.3905,21.5606
Vjaz'ma,2,55.208,34.308
Vil'na,14,54.6872,25.2797
Vitebsk,3,55.1904,30.205
Vladimir,1,56.129,40.4058
Vladikavkaz,1,43.0228,44.668
Vladivostok,1,43.1155,131.8855
Caricyn,4,48.708,44.5133
Vologda,3,59.2191,39.8924
Vladimir-Volynskij,1,50.8491,24.3228
Vol'sk,1,52.0466,47.3819
Voronež,4,51.6615,39.2003
Voroncovo-Aleksandrovskoe,1,44.5086,43.8778
Voznesensk,1,47.5668,31.3157
Warszawa,26,52.2297,21.0122
Włocławek,2,52.6494,19.0581
Jalta,3,44.499,34.16
Jaroslavl',3,57.6265,39.8938
Ekaterinburg,2,56.838,60.597
Erivan',1,40.1792,44.4991
Ermiš,1,54.7516,42.2708
Evpatorija,4,45.1942,33.3606
Zakataly,2,41.6308,46.6444
Zawiercie,1,50.4877,19.414
Džarkent,2,44.1667,79.9986
Žitomir,1,50.2547,28.6587
Zlatopol',4,48.8678,31.9824
Zvenigorodka,2,49.0699,30.9676
